Kompascom,Pikiranrakyat
artinya paling lama padamaretseluruh perselisihan hasil pilkada sudah harus diputus,hingga hari ke13korban korban sriwijaya air sjberhasil teridentifikasi
dugaan korupsi dilakukan tersangka terkait dana apbn kementerian kesehatan tahun sebesar rpm…,shopeepay di masyarakat nikmati transaksi offline online di berbagai kategori
jepang masih menerapkan kondisi darurat berbagai kota besar termasuk tokyo lokasi penyelenggaraan olimpiade…,basarnas secara resmi menutup operasi sar sriwijaya air
internet heboh pria bermasker mengenakan syal tanpa katakata sigap membasmi kuman di podium m…,gempa guncang sulut lagi kini berkekuatan magnitudodan pernah terjadi
hari ini kamis 2112021 dinas kesehatan adakasus positif covidbaru,hari pertama menjabat presiden as joe biden atur strategi melawan
sayangnya tidak ada tandatanda kehadiran dekisugi di stand by me doraemon dalam foto pernikahan nobita shiz…,terjadi serangan bom bunuh diri ledakan ganda tewaskanorang di baghdad tengah
kbri di kazakhstan mengapresiasi persahabatan fiki naki dayana pasalnya itu membuat indonesia semakin dikenal…,dongkrak penjualan di awal tahun toyota tawarkan promo bunga ringan cicilan rendah
knkt masih terus mencari cvr pesawat sriwijaya air sjuntuk melengkapi data investigasi kecelakaan,honda hadirkan layanan uji emisi gratis dibengkel resmi di jakarta
nantinya komcad sebagai kekuatan pertahanan negara digunakan secara tepat terpadu terarah bagi penan…,hubungannya sempat memanas presiden as joe biden akui dapat surat murah hati dari donald trump joebiden…
boy william dibuat tercengang saat tahu harga satu kuda milik aleta molly seharga mobil lamborghini aleta punya ha…,kasus positif covidterus tinggi rsd wisma atlet buka ruang baru untukpasien
menurut wiku pekan ini adakabupatenkota di jawa bali berstatus zona merah,sindir donald trump presiden iran hassan rouhani ucap syukur penindas telah digulingkan
menurut jokowi jika vaksinasi mandiri direalisasikan merk vaksin digunakan kemungkinan berbeda dari vak…,gempa guncang indonesia lagi kini berkekuatan magnitudodan pernah terjadi
bagi warga negara terlibat dalam aktivitas komcad dianggap tengah melakukan suatu pengabdian dalam usaha pe…,sebut tahunmomentum bangkit jokowi bocorkan industri masih bertahan
fasilitas covax dipimpin bersama who sudah menjalin kesepakatan lima produsen menghasilkanmil…,catat sejarah baru pelajar indonesia raih medali emas olimpiade bahasa inggris di italia
para ilmuwan mengaitkan beberapa makanan kehidupan seks lebih baik inilah beberapa makanan bisa b…,who berencana mengeluarkan banyak persetujuan vaksin coviduntuk peluncuran global
hendrar prihadi hevearita gunaryanti rahayu resmi ditetapkan sebagai wali kota wakil wali kota semarang ter…,miliki beragam keunggulan sony hadirkan lensa femm f1g master bobot ringan
menurut leonard pemeriksaan saksi bertujuan mencari fakta hukum mengumpulkan alat bukti terkait kasus ter…,hasil positif ppkm mulai terasa di ciamis kasus covidturun hingga kesembuhan naik
kemenhan pun berencana kembali melakukan perekrutan tahap kedua di jumlah peserta komcad tetap s…,waspada pasien covidterus meningkat rs darurat wisma atlet hampir penuh
melaney ricardo mengaku sempat khawatir kehilangan pekerjaan saat dinyatakan positif,turut berdukacita raja salman putranya kirim doa korban gempa sulawesi barat
wilayah lempeng laut maluku tunjaman lempeng laut filipina merupakan salah satu kawasan seismik paling aktif d…,utarakan niatnya datangi kpk menparekraf sandiaga uno jangan sampai ada oknumoknum
perlu terobosan semakin baik kita tahu permasalahan ujar anggota komisi ix dpr ri intan fauzi,menkes korea selatan berharap herd immunity terhadap covidtercapai
sementara pasaldijelaskan bahwa pembentukan komponen cadangan dari unsur warga negara dikelompokkan me…,penyebab harga daging sapi alami kenaikan ada kaitan kecenderungan masyarakat
adapun dimaksud komponen utama ialah tentara nasional indonesia tni komponencadangan,hoaks menyesatkan banyak ditemukan tim jsh klarifikasihoaks vaksinasi
merujuk beleid uu psdn dimaksud komcad adalah sumber daya nasional telah disiapkan dikerahkan m…,dampak meluapnya sungai cikeruhdesa di rancaekek bandung terendam banjir
wakil tunggal putra putri indonesia di thailand open ii telah habis kini indonesia tinggal memiliki tiga waki…,mahfud md ungkap satu janji calon kapolri listyo sigit prabowo penting tapi tak banyak diberitakan mahfudmd…
bams eks samsons cerita berhasil turunkan bobot badan hinggakilogram dalambulan tapi tak rekomendasikan…,bocorkan satu janji berani dari kapolri listyo sigit prabowo mahfud md ini penting
dirjen potensi pertahanan kementerian pertahanan kemenhan bondan tiara sofyan mengatakan program komponen cad…,jalani isolasi mandiri meski hasilnya negatif gisel ungkap pesan manis dari gempita
cara membuat sapo tahu atau claypot tofu pakai mangkuk tembikar kamu dapat bikin sendiri di rumah pakai wajan ceku…,puan maharani ketok palu dpr setujui listyo sigit jadi kapolri gantikan idham aziz
thread ppditeken jokowi warga bisa jadi komponen cadangan perkuat tni komponencadangan,hatta rajasa sampaikan keprihatinan menparekraf sandiaga uno soal perekonomian
tpu rorotan belum digunakan pemprov dki jakarta masih menggunakan petak makam masih ada di tempat…,kabar duka ayahanda penyanyi dangdut nella kharisma meninggal dunia
melebihi presiden as terdahulu ada satu kata diulangkali biden di seluruh pidatonya,helikopter as jatuh terbakar di lahan pertanian begini nasib para tentara di dalamnya
hingga saat inijenazah korban sriwijaya air sjsudah teridentifikasi dari jumlah itujenazah sudah dis…,dorong tingkat kesembuhan jateng gencarkan donor plasma konvalesen telah capaiorang
tim gabungan resmi menghentikan operasi sar pencarian pertolongan jatuhnya pesawat sriwijaya air sjpada…,hadapi sampah kiriman terdampar di pantai badung bali sekda butuh penanganan serius
haji permata tertembak saat petugas bea cukai menangkap terduga pelaku pembawa rokok ilegal regional,pakistan sukses lakukan uji tembak rudal balistik shaheen iii jangkauankm
calon kapolri komjen listyo sigit prabowo berkeinginan mengedepankan penegakan hukum berbasis elektronik di bidang…,formasi kuota pppk dipertanyakan ketua fghbsn para guru masih bingung
oktoberadalah bulan trump paling banyak berbohong publik adakebohongan di momenmomen jelang pilpr…,pencarian korban sriwijaya air sj terkendala jarak pandang arus kencang
namun wisatawan internasional baru bisa berkunjung dua minggu setelah mendapat dosis vaksin kedua mereka juga waj…,terus bergerak walau pandemi covid19 jateng bakal genjot ekspor produk herbal tahun ini
pasalnya pablo benua sudah mengirimkan voice note menyatakan bahwa ia pulang rumah sepekan atau dua p…,sandiaga uno tibatiba sambangi kpk jubir lembaga antirasuah bongkar alasannya
pemberlakukan pembatasan kegiatan masyarakat ppkm diperpanjang selamahari mulaijanuari hinggafebruari…,tim penyelamat china masih berusaha menyelamatkanpekerja tambang terperangkap
kami mendambakan wali kota solo misalnya ada dari papua orang jawa bisa jadi wali kota di papua setiap warga n…,tarif tol borr seksi iii a naik akhir januari wakil wali kota bogor ungkap alasannya
coba bikin dadar jagung versi simpel kamu membutuhkan jagung manis pipil telur tepung terigu selengkapnya…,dipromosikan ridwan kamil cari jodoh sahrul gunawan terima kasih kang
sebanyakasn pemprov maluku telah terdata mengikuti tes cepat antigen,hinggajumlah penduduk indonesia lebih darijuta jiwa pulau jawa paling tinggi
rumah sakit umum daerah rsud mgr gabriel manek atambua kabupaten belu nusa tenggara timur ntt ditutup selama…,listyo sigit prabowo sah jadi kapolri baru ingin segera siapkan eksekusi rencana aksi listyosigitprabowo…
bupati sleman sri purnomo ternyata sempat bertemu hb x menteri kp dua hari sebelum dinyatakan posit…,pamer pelukan hangat jerinx nora alexandra singgung soal tudingan miring kepadanya
dosen ipb dari fakultas kehutanan lingkungan omo rusdiana mengatakan ada beberapa faktor penyebab terjadinya…,tunjukkan kuasa sebagai presiden as joe biden langsung babat kebijakan donald trump
sejumlah lokasi prospektif diprediksi menjadi incaran konsumen mencari rumah,listyo sigit prabowo resmi jadi kapolri fadli zon lebih maju
melaney ricardo akui sempat berpikir takut mati saat terpapar virus corona atau positif covid19 karenanya m…,liverpool vs burnley jordan henderson beberkan kekuatan terbesar the reds
bank dki menyediakan sistem pembayaran nontunai bagi masyarakat ingin donasi palang merah indonesia pmi,pemerintah dapat kepastian dari astrazeneca novavac airlangga hartarto pfizer segera
mohammad ahsan memberi update soal kondisi cederanya usai memenangi laga derbi wakil merah putih babakbesa…,tunjukkan kuasanya sebagai presiden as joe biden langsung babat sejumlah kebijakan trump
tim nasional sepak bola putri amerika serikat as kini punya kapten baru,listyo sigit prabowo resmi jadi kapolri fadli zon bisa bawa polri lebih maju
